SNP;BP;Gene;NearestGene;NearestBPdiff;SecondNearestGene;SecondNearestBPdiff;CHR;alleles;MAF;RR;CI_lower_95;CI_upper_95;p_value;q_value;HWE_p_value
rs2517588;30204714;HCG17;NA;NA;NA;NA;6;a/C;0.0180441928759256;0.785480688758932;0.726807876033269;0.848546323862487;9.69566871233951e-10;0.00075285025374261;0.00803025912228938
rs61410672;30394671;NA;MICC;7575;TMPOP1;39558;6;a/G;0.0398709701408598;0.866595513689597;0.822215582394435;0.912291739886499;5.15518536747805e-08;0.0173333292209417;0.26974066869569
rs145646034;30402608;NA;MICC;15512;TMPOP1;31621;6;a/G;0.0210583092203585;0.833765957716095;0.776263672490497;0.894650141094478;5.14195122036654e-07;0.092137555974033;0.285615316709908
rs113299093;30666388;NA;RPL7P4;1076;MDC1;1196;6;C/t;0.0254850440556236;0.784956097037448;0.734778203381249;0.840357791561809;9.75219904830738e-13;1.13585959038431e-06;0.0247090082860605
rs148298273;31056743;NA;RNU6-1133P;5857;C6orf15;22257;6;C/t;0.0244470429733738;0.845341898694273;0.791879351531318;0.9036522290986;6.0667949819404e-07;0.0943464364696419;0.948512829133585
rs114918746;31345271;FGFR3P1;NA;NA;NA;NA;6;G/t;0.0245398049724263;0.750842452260264;0.701095006514776;0.805667904823823;4.44089209850063e-16;1.03448050126076e-09;0.00610151817418114
rs2905736;31453290;NA;HCP5;8007;MICB;9368;6;a/G;0.0291581336963383;0.833805667424914;0.783292075846121;0.887107989201464;1.18972622864533e-08;0.00692849858808564;0.180328848184785
rs114011376;32195724;NA;NOTCH4;3880;GPSM3;32424;6;a/G;0.0146825368622316;0.786581675944546;0.719992552497878;0.85725049724422;5.0339461932225e-08;0.0173333292209417;0.992949457685122
rs72763276;140066103;TMEM210;NA;NA;NA;NA;9;a/G;0.01555759977732;0.807563536285797;0.742617675741812;0.876101267971939;3.41868840347814e-07;0.0663636647555278;0.209237429333155
rs140430724;140107307;NDOR1;NA;NA;NA;NA;9;C/t;0.0172703306537035;0.805587594167096;0.745047570041786;0.872989647433987;7.20773039031286e-08;0.020987496379502;0.53044501833524
rs35374928;140238534;EXD3;NA;NA;NA;NA;9;a/G;0.0372797887862727;0.866589423352148;0.821027263347641;0.9141240395165;1.5223776395068e-07;0.0354629193570564;0.0882010737047723
rs4751986;118267454;NA;PNLIPRP3;29985;RNU6-1090P;30241;10;c/T;0.0229049548858437;0.842839366150557;0.786844297522258;0.90135956149764;6.07525724838354e-07;0.0943464364696419;0.0120265758448033
rs2300141;8081949;SLC2A3;NA;NA;NA;NA;12;c/T;0.115335547871171;0.916804896102232;0.886208516789932;0.946871277657936;1.91170102192828e-07;0.0404836233056698;0.622340847292589
rs17677378;79571063;NA;MAF;48677;RNA5SP431;272593;16;c/T;0.0900929526376744;0.904971918216644;0.87203572533463;0.937722168181874;5.20868312925415e-08;0.0173333292209417;0.963123281109926
rs112874193;9278173;STX8;NA;NA;NA;NA;17;a/G;0.0563590673453735;0.886028541223502;0.847078155266404;0.925962571147953;9.27525873883894e-08;0.0240068739359747;0.513737161835163
