SNP;BP;Gene;NearestGene;NearestBPdiff;SecondNearestGene;SecondNearestBPdiff;CHR;alleles;MAF;RR_int_comp;RR_int_lower_95_comp;RR_int_upper_95_comp;RR_int_p_value_comp;RR_int_thresh;RR_int_lower_95_thresh;RR_int_upper_95_thresh;RR_int_p_value_thresh
rs6692105;95974535;NA;TMEM56-RWDD3, RWDD3;261754;TMEM56-RWDD3, RWDD3;261754;1;A/g;0.244066804070245;1.93257882272583;1.53457213884065;2.43381253413736;2.14609283677447e-08;1.58933635657775;1.21166660796651;2.08472366716377;0.000817167709642463
rs182745560;46640687;NA;TMEM247;15642;NA;NA;2;c/T;0.0128341630517653;20.2005947404587;7.05450856906455;57.8444301078164;2.14781599172653e-08;9.92890101712808;3.29567231201894;29.912887591526;4.51388774984629e-05
rs186839578;57614677;NA;VRK2;520109;NA;NA;2;a/G;0.0148856132059055;18.540279793348;7.061116276595;48.6809679023421;3.0580060705887e-09;9.21698679499741;3.57476690249589;23.764583229145;4.30501416337492e-06
rs191136487;57874539;NA;VRK2;260247;NA;NA;2;a/C;0.0221949852614078;10.2725187674561;4.53333610672073;23.2774802802059;2.38560651233399e-08;7.32884381220837;3.45538991895797;15.5443966913994;2.0787263110833e-07
rs114356803;116547589;DPP10;NA;NA;NA;NA;2;G/t;0.0178353420813931;20.4113053703861;8.56938481975528;48.6174207001067;9.67625979342301e-12;8.23340662200157;3.34498912706939;20.2658310768892;4.48901528415924e-06
rs148258729;151948014;NA;FABP5P10;94688;NA;NA;2;c/T;0.0130546931540577;19.9535739422235;6.973169654326;57.0967196848252;2.39856359218749e-08;11.6172409789416;3.83686093241264;35.1746623972464;1.43195170481114e-05
rs77922770;84898474;LINC00971;NA;NA;NA;NA;3;a/G;0.0995431994294266;2.86184382387227;1.97252393331471;4.15211695732015;3.06617971013168e-08;1.87928670382086;1.28769401072752;2.74266905471006;0.00107208269875803
rs77548349;120794727;NA;MAD2L1;182036;LTV1P1;217474;4;c/T;0.0361723061315208;6.67814093558296;3.42962060097227;13.0036442931518;2.33964398965725e-08;2.57827800070235;1.32407175635009;5.02051147683276;0.00534355423867572
rs72750872;42231919;NA;GHR;191960;NA;NA;5;a/G;0.0181972124176979;10.8773663704916;3.96934942506191;29.8076804251258;3.478831309911e-06;12.3897881066203;5.05857551138233;30.3458649537884;3.652850844027e-08
rs75738365;123419524;NA;CLVS2;25452;NA;NA;6;a/G;0.0196284372085455;11.5399625467697;4.82099892042597;27.6230585774701;3.97143857799875e-08;8.33472640483313;3.56700316347327;19.4750778341841;9.73925842862045e-07
rs138421280;123429306;NA;CLVS2;35234;NA;NA;6;a/G;0.0165326856769466;21.111426743765;8.8823940332405;50.1770510843635;5.03797004114404e-12;13.230034202868;5.42642181539752;32.2558420564351;1.35123134903381e-08
rs852528;5601487;ACTB;NA;NA;NA;NA;7;a/G;0.0140383111409446;26.6518653848655;10.4658310571796;67.8705708712647;5.84088333255295e-12;14.9453589154918;5.76410635369063;38.7508035777056;2.64576387465354e-08
rs852503;5607908;NA;ACTB;4493;NA;NA;7;A/g;0.0154898000719984;20.918341650285;8.3843140953434;52.1899600160585;7.10711489659843e-11;11.5029444778534;4.56072343705207;29.0124436368157;2.28031402205175e-07
rs852462;5664057;RNF216;NA;NA;NA;NA;7;G/t;0.0159325032770852;16.6919429340282;6.39138262912456;43.5932215422717;9.07431507712886e-09;17.5019331999825;7.13380423584965;42.9388942574713;4.07941014302082e-10
rs852449;5672204;RNF216;NA;NA;NA;NA;7;a/T;0.0140499287377464;21.8669113670073;8.21925244092462;58.1758275669608;6.43769038077835e-10;17.8118250535927;6.7149128982382;47.2472415573751;7.20820136912437e-09
rs852521;5695023;RNF216;NA;NA;NA;NA;7;A/g;0.014684953873472;20.1253018852402;7.61585327112996;53.1821926647964;1.40554501371071e-09;15.6385670314558;5.98315209622989;40.875574423629;2.03124868036753e-08
rs852405;5716045;RNF216, RNF216-IT1;NA;NA;NA;NA;7;c/T;0.0150923527698116;18.6009580541319;7.08265204558875;48.8511419598919;2.96142999012261e-09;14.7404245498202;5.6800644780732;38.2531072926569;3.20447708368476e-08
rs4720643;5802655;RNF216;NA;NA;NA;NA;7;G/t;0.0138375913767646;21.8681997750262;8.21913321610706;58.1835272438813;6.45179909497529e-10;18.1343437671601;6.83280701377937;48.1287446290162;5.92604632032590e-09
rs13230681;5837754;NA;RNF216;16384;NA;NA;7;C/t;0.0134328738730777;18.9076749842286;6.65436858037352;53.7241315973446;3.44694026654935e-08;16.3502306964599;5.92000334278976;45.1570764994673;7.01166396055442e-08
rs117415686;76930012;SAMD8;NA;NA;NA;NA;10;C/t;0.0194741872151038;13.0452474652376;5.39308714540371;31.5549289008476;1.20465888375776e-08;9.03230360772187;3.84197953377367;21.2344984518784;4.50926046502431e-07
rs138391052;70481618;KLHL1;NA;NA;NA;NA;13;a/G;0.0169424886857356;15.2130133556165;5.86843753483525;39.4373756190389;2.13100443957615e-08;6.35745295048708;2.38885085632101;16.9191006256046;0.000212507158154462
rs145543398;70914107;NA;RNU6-54P;119489;NA;NA;13;A/g;0.0266338677728692;8.48306021924357;3.94167752576749;18.2567727098124;4.56776456658758e-08;6.35616931792785;3.08588772143723;13.0921446420452;5.26391361388434e-07
rs77523696;22739126;NA;KRT18P3;24399;NA;NA;20;A/t;0.0101180282418415;26.6401923477228;8.2090944882411;86.452878492294;4.62581299931486e-08;11.2462881339394;3.35009964091556;37.7538014830572;8.98075518085406e-05
